CREATE DATABASE  IF NOT EXISTS `square` /*!40100 DEFAULT CHARACTER SET utf8 */;
USE `square`;
-- MySQL dump 10.13  Distrib 5.5.8, for Win32 (x86)
--
-- Host: localhost    Database: square
-- ------------------------------------------------------
-- Server version	5.5.8

/*!40101 SET @OLD_CHARACTER_SET_CLIENT=@@CHARACTER_SET_CLIENT */;
/*!40101 SET @OLD_CHARACTER_SET_RESULTS=@@CHARACTER_SET_RESULTS */;
/*!40101 SET @OLD_COLLATION_CONNECTION=@@COLLATION_CONNECTION */;
/*!40101 SET NAMES utf8 */;
/*!40103 SET @OLD_TIME_ZONE=@@TIME_ZONE */;
/*!40103 SET TIME_ZONE='+00:00' */;
/*!40014 SET @OLD_UNIQUE_CHECKS=@@UNIQUE_CHECKS, UNIQUE_CHECKS=0 */;
/*!40014 SET @OLD_FOREIGN_KEY_CHECKS=@@FOREIGN_KEY_CHECKS, FOREIGN_KEY_CHECKS=0 */;
/*!40101 SET @OLD_SQL_MODE=@@SQL_MODE, SQL_MODE='NO_AUTO_VALUE_ON_ZERO' */;
/*!40111 SET @OLD_SQL_NOTES=@@SQL_NOTES, SQL_NOTES=0 */;

--
-- Table structure for table `country`
--

DROP TABLE IF EXISTS `country`;
/*!40101 SET @saved_cs_client     = @@character_set_client */;
/*!40101 SET character_set_client = utf8 */;
CREATE TABLE `country` (
  `CountryID` int(11) NOT NULL AUTO_INCREMENT,
  `CountryName` varchar(255) CHARACTER SET latin1 NOT NULL,
  PRIMARY KEY (`CountryID`)
) ENGINE=InnoDB AUTO_INCREMENT=11 DEFAULT CHARSET=utf8;
/*!40101 SET character_set_client = @saved_cs_client */;

--
-- Dumping data for table `country`
--

LOCK TABLES `country` WRITE;
/*!40000 ALTER TABLE `country` DISABLE KEYS */;
INSERT INTO `country` VALUES (1,'United States'),(2,'United Kingdom'),(3,'India'),(4,'Singapore'),(5,'Germany'),(6,'France'),(7,'Italy'),(8,'Spain'),(9,'Hungary'),(10,'Philippines');
/*!40000 ALTER TABLE `country` ENABLE KEYS */;
UNLOCK TABLES;

--
-- Table structure for table `grade`
--

DROP TABLE IF EXISTS `grade`;
/*!40101 SET @saved_cs_client     = @@character_set_client */;
/*!40101 SET character_set_client = utf8 */;
CREATE TABLE `grade` (
  `GradeID` int(11) NOT NULL AUTO_INCREMENT,
  `GradeName` varchar(255) NOT NULL,
  PRIMARY KEY (`GradeID`)
) ENGINE=InnoDB AUTO_INCREMENT=6 DEFAULT CHARSET=utf8;
/*!40101 SET character_set_client = @saved_cs_client */;

--
-- Dumping data for table `grade`
--

LOCK TABLES `grade` WRITE;
/*!40000 ALTER TABLE `grade` DISABLE KEYS */;
INSERT INTO `grade` VALUES (1,'Very Fine'),(2,'Fine'),(3,'Good'),(4,'Average'),(5,'Poor');
/*!40000 ALTER TABLE `grade` ENABLE KEYS */;
UNLOCK TABLES;

--
-- Table structure for table `item`
--

DROP TABLE IF EXISTS `item`;
/*!40101 SET @saved_cs_client     = @@character_set_client */;
/*!40101 SET character_set_client = utf8 */;
CREATE TABLE `item` (
  `RecordID` int(11) NOT NULL AUTO_INCREMENT,
  `RecordDate` date NOT NULL,
  `SellerName` varchar(255) NOT NULL,
  `SellerEmail` varchar(255) NOT NULL,
  `SellerTel` varchar(50) NOT NULL,
  `SellerAddress` text,
  `Title` varchar(255) NOT NULL,
  `Year` int(4) NOT NULL,
  `CountryID` int(4) NOT NULL,
  `Denomination` float NOT NULL,
  `TypeID` int(4) NOT NULL,
  `GradeID` int(4) NOT NULL,
  `SalePriceMin` float NOT NULL,
  `SalePriceMax` float NOT NULL,
  `Description` text NOT NULL,
  `DisplayStatus` tinyint(1) NOT NULL,
  `DisplayUntil` varchar(45) DEFAULT NULL,
  PRIMARY KEY (`RecordID`)
) ENGINE=InnoDB AUTO_INCREMENT=8 DEFAULT CHARSET=utf8;
/*!40101 SET character_set_client = @saved_cs_client */;

--
-- Dumping data for table `item`
--

LOCK TABLES `item` WRITE;
/*!40000 ALTER TABLE `item` DISABLE KEYS */;
INSERT INTO `item` VALUES (1,'2009-12-06','John Dee','john@example.com','+123456789102','12 Grenn House, Red Road, Blue City','Himalayas - Silver Jubilee',1958,3,5.01,1,2,10.01,15.67,'Silver jubilee issue. Aerial view of snow-capped. Himalayan mountains. Horizontal orange stripe across top margin. Excellent condition, no marks.',1,'2010-12-31'),(2,'2009-10-15','Susan Doe','susan@example.com','+198765432198','1 Tiger Place, Animal City 648392','Britain - WWII Fighter',1966,2,1,1,4,1.89,2.45,'WWII Fighter Plane overlaid on blue sky. Cancelled',1,'2010-12-31'),(3,'2010-11-26','Tondo Stamp','rico@yahoo.com','+6326754367','Manila','Rare Tondo',2010,4,1.15,1,1,12.05,13.55,'rare',1,'2010-12-28'),(4,'2010-01-01','Rico Jose','rico2@yahoo.com','+6321234567','Makati','Makati - Atin ito',2010,10,5,3,1,55,60,'Makati rare stamp',1,'2010-12-31'),(5,'2010-01-01','Rico Joe','rico3@yahoo.com','+6321234567','Binondp','Binondo',2010,4,1,2,2,1,2,'no way',1,'2010-12-31'),(6,'2010-01-01','rico foe','rico4@yahoo.com','+6321234567','mk','kl',2010,1,2,2,2,1,2,'wy way',1,'2010-12-31'),(7,'2010-12-22','Rico Name','rico100@yahoo.com','+6321786534','Manila','Fine Vine',2009,10,2,4,5,12.02,13.58,'Rare',1,'2010-12-31');
/*!40000 ALTER TABLE `item` ENABLE KEYS */;
UNLOCK TABLES;

--
-- Table structure for table `log`
--

DROP TABLE IF EXISTS `log`;
/*!40101 SET @saved_cs_client     = @@character_set_client */;
/*!40101 SET character_set_client = utf8 */;
CREATE TABLE `log` (
  `RecordID` int(11) NOT NULL AUTO_INCREMENT,
  `LogMessage` text NOT NULL,
  `LogLevel` varchar(30) NOT NULL,
  `LogTime` varchar(30) NOT NULL,
  `Stack` text,
  `Request` text,
  PRIMARY KEY (`RecordID`)
) ENGINE=InnoDB AUTO_INCREMENT=47 DEFAULT CHARSET=utf8;
/*!40101 SET character_set_client = @saved_cs_client */;

--
-- Dumping data for table `log`
--

LOCK TABLES `log` WRITE;
/*!40000 ALTER TABLE `log` DISABLE KEYS */;
INSERT INTO `log` VALUES (1,'Invalid controller specified (no)','ERR','2010-12-25T11:38:10+08:00','#0 C:\\Program Files\\PHP\\includes\\Zend\\Controller\\Front.php(954): Zend_Controller_Dispatcher_Standard->dispatch(Object(Zend_Controller_Request_Http), Object(Zend_Controller_Response_Http))\n#1 C:\\Program Files\\PHP\\includes\\Zend\\Application\\Bootstrap\\Bootstrap.php(97): Zend_Controller_Front->dispatch()\n#2 C:\\Program Files\\PHP\\includes\\Zend\\Application.php(366): Zend_Application_Bootstrap_Bootstrap->run()\n#3 C:\\Program Files\\Apache Software Foundation\\Apache2.2\\htdocs\\square\\public\\index.php(26): Zend_Application->run()\n#4 {main}','<pre>array(3) {\n  [&quot;controller&quot;] =&gt; string(2) &quot;no&quot;\n  [&quot;action&quot;] =&gt; string(4) &quot;such&quot;\n  [&quot;module&quot;] =&gt; string(7) &quot;default&quot;\n}\n</pre>'),(2,'Invalid controller specified (favicon.ico)','ERR','2010-12-25T11:38:20+08:00','#0 C:\\Program Files\\PHP\\includes\\Zend\\Controller\\Front.php(954): Zend_Controller_Dispatcher_Standard->dispatch(Object(Zend_Controller_Request_Http), Object(Zend_Controller_Response_Http))\n#1 C:\\Program Files\\PHP\\includes\\Zend\\Application\\Bootstrap\\Bootstrap.php(97): Zend_Controller_Front->dispatch()\n#2 C:\\Program Files\\PHP\\includes\\Zend\\Application.php(366): Zend_Application_Bootstrap_Bootstrap->run()\n#3 C:\\Program Files\\Apache Software Foundation\\Apache2.2\\htdocs\\square\\public\\index.php(26): Zend_Application->run()\n#4 {main}','<pre>array(3) {\n  [&quot;controller&quot;] =&gt; string(11) &quot;favicon.ico&quot;\n  [&quot;action&quot;] =&gt; string(5) &quot;index&quot;\n  [&quot;module&quot;] =&gt; string(7) &quot;default&quot;\n}\n</pre>'),(3,'Invalid controller specified (favicon.ico)','ERR','2010-12-26T13:12:24+08:00','#0 C:\\Program Files\\PHP\\includes\\Zend\\Controller\\Front.php(954): Zend_Controller_Dispatcher_Standard->dispatch(Object(Zend_Controller_Request_Http), Object(Zend_Controller_Response_Http))\n#1 C:\\Program Files\\PHP\\includes\\Zend\\Application\\Bootstrap\\Bootstrap.php(97): Zend_Controller_Front->dispatch()\n#2 C:\\Program Files\\PHP\\includes\\Zend\\Application.php(366): Zend_Application_Bootstrap_Bootstrap->run()\n#3 C:\\Program Files\\Apache Software Foundation\\Apache2.2\\htdocs\\square\\public\\index.php(26): Zend_Application->run()\n#4 {main}','<pre>array(3) {\n  [&quot;controller&quot;] =&gt; string(11) &quot;favicon.ico&quot;\n  [&quot;action&quot;] =&gt; string(5) &quot;index&quot;\n  [&quot;module&quot;] =&gt; string(7) &quot;default&quot;\n}\n</pre>'),(4,'Invalid controller specified (favicon.ico)','ERR','2010-12-26T13:14:47+08:00','#0 C:\\Program Files\\PHP\\includes\\Zend\\Controller\\Front.php(954): Zend_Controller_Dispatcher_Standard->dispatch(Object(Zend_Controller_Request_Http), Object(Zend_Controller_Response_Http))\n#1 C:\\Program Files\\PHP\\includes\\Zend\\Application\\Bootstrap\\Bootstrap.php(97): Zend_Controller_Front->dispatch()\n#2 C:\\Program Files\\PHP\\includes\\Zend\\Application.php(366): Zend_Application_Bootstrap_Bootstrap->run()\n#3 C:\\Program Files\\Apache Software Foundation\\Apache2.2\\htdocs\\square\\public\\index.php(26): Zend_Application->run()\n#4 {main}','<pre>array(3) {\n  [&quot;controller&quot;] =&gt; string(11) &quot;favicon.ico&quot;\n  [&quot;action&quot;] =&gt; string(5) &quot;index&quot;\n  [&quot;module&quot;] =&gt; string(7) &quot;default&quot;\n}\n</pre>'),(5,'Invalid controller specified (favicon.ico)','ERR','2010-12-26T13:15:01+08:00','#0 C:\\Program Files\\PHP\\includes\\Zend\\Controller\\Front.php(954): Zend_Controller_Dispatcher_Standard->dispatch(Object(Zend_Controller_Request_Http), Object(Zend_Controller_Response_Http))\n#1 C:\\Program Files\\PHP\\includes\\Zend\\Application\\Bootstrap\\Bootstrap.php(97): Zend_Controller_Front->dispatch()\n#2 C:\\Program Files\\PHP\\includes\\Zend\\Application.php(366): Zend_Application_Bootstrap_Bootstrap->run()\n#3 C:\\Program Files\\Apache Software Foundation\\Apache2.2\\htdocs\\square\\public\\index.php(26): Zend_Application->run()\n#4 {main}','<pre>array(3) {\n  [&quot;controller&quot;] =&gt; string(11) &quot;favicon.ico&quot;\n  [&quot;action&quot;] =&gt; string(5) &quot;index&quot;\n  [&quot;module&quot;] =&gt; string(7) &quot;default&quot;\n}\n</pre>'),(6,'Invalid controller specified (favicon.ico)','ERR','2010-12-26T13:19:16+08:00','#0 C:\\Program Files\\PHP\\includes\\Zend\\Controller\\Front.php(954): Zend_Controller_Dispatcher_Standard->dispatch(Object(Zend_Controller_Request_Http), Object(Zend_Controller_Response_Http))\n#1 C:\\Program Files\\PHP\\includes\\Zend\\Application\\Bootstrap\\Bootstrap.php(97): Zend_Controller_Front->dispatch()\n#2 C:\\Program Files\\PHP\\includes\\Zend\\Application.php(366): Zend_Application_Bootstrap_Bootstrap->run()\n#3 C:\\Program Files\\Apache Software Foundation\\Apache2.2\\htdocs\\square\\public\\index.php(26): Zend_Application->run()\n#4 {main}','<pre>array(3) {\n  [&quot;controller&quot;] =&gt; string(11) &quot;favicon.ico&quot;\n  [&quot;action&quot;] =&gt; string(5) &quot;index&quot;\n  [&quot;module&quot;] =&gt; string(7) &quot;default&quot;\n}\n</pre>'),(7,'Invalid controller specified (favicon.ico)','ERR','2010-12-26T13:21:38+08:00','#0 C:\\Program Files\\PHP\\includes\\Zend\\Controller\\Front.php(954): Zend_Controller_Dispatcher_Standard->dispatch(Object(Zend_Controller_Request_Http), Object(Zend_Controller_Response_Http))\n#1 C:\\Program Files\\PHP\\includes\\Zend\\Application\\Bootstrap\\Bootstrap.php(97): Zend_Controller_Front->dispatch()\n#2 C:\\Program Files\\PHP\\includes\\Zend\\Application.php(366): Zend_Application_Bootstrap_Bootstrap->run()\n#3 C:\\Program Files\\Apache Software Foundation\\Apache2.2\\htdocs\\square\\public\\index.php(26): Zend_Application->run()\n#4 {main}','<pre>array(3) {\n  [&quot;controller&quot;] =&gt; string(11) &quot;favicon.ico&quot;\n  [&quot;action&quot;] =&gt; string(5) &quot;index&quot;\n  [&quot;module&quot;] =&gt; string(7) &quot;default&quot;\n}\n</pre>'),(8,'Invalid controller specified (favicon.ico)','ERR','2010-12-26T13:24:16+08:00','#0 C:\\Program Files\\PHP\\includes\\Zend\\Controller\\Front.php(954): Zend_Controller_Dispatcher_Standard->dispatch(Object(Zend_Controller_Request_Http), Object(Zend_Controller_Response_Http))\n#1 C:\\Program Files\\PHP\\includes\\Zend\\Application\\Bootstrap\\Bootstrap.php(97): Zend_Controller_Front->dispatch()\n#2 C:\\Program Files\\PHP\\includes\\Zend\\Application.php(366): Zend_Application_Bootstrap_Bootstrap->run()\n#3 C:\\Program Files\\Apache Software Foundation\\Apache2.2\\htdocs\\square\\public\\index.php(26): Zend_Application->run()\n#4 {main}','<pre>array(3) {\n  [&quot;controller&quot;] =&gt; string(11) &quot;favicon.ico&quot;\n  [&quot;action&quot;] =&gt; string(5) &quot;index&quot;\n  [&quot;module&quot;] =&gt; string(7) &quot;default&quot;\n}\n</pre>'),(9,'Invalid controller specified (favicon.ico)','ERR','2010-12-26T13:30:53+08:00','#0 C:\\Program Files\\PHP\\includes\\Zend\\Controller\\Front.php(954): Zend_Controller_Dispatcher_Standard->dispatch(Object(Zend_Controller_Request_Http), Object(Zend_Controller_Response_Http))\n#1 C:\\Program Files\\PHP\\includes\\Zend\\Application\\Bootstrap\\Bootstrap.php(97): Zend_Controller_Front->dispatch()\n#2 C:\\Program Files\\PHP\\includes\\Zend\\Application.php(366): Zend_Application_Bootstrap_Bootstrap->run()\n#3 C:\\Program Files\\Apache Software Foundation\\Apache2.2\\htdocs\\square\\public\\index.php(26): Zend_Application->run()\n#4 {main}','<pre>array(3) {\n  [&quot;controller&quot;] =&gt; string(11) &quot;favicon.ico&quot;\n  [&quot;action&quot;] =&gt; string(5) &quot;index&quot;\n  [&quot;module&quot;] =&gt; string(7) &quot;default&quot;\n}\n</pre>'),(10,'Invalid controller specified (favicon.ico)','ERR','2010-12-26T13:31:22+08:00','#0 C:\\Program Files\\PHP\\includes\\Zend\\Controller\\Front.php(954): Zend_Controller_Dispatcher_Standard->dispatch(Object(Zend_Controller_Request_Http), Object(Zend_Controller_Response_Http))\n#1 C:\\Program Files\\PHP\\includes\\Zend\\Application\\Bootstrap\\Bootstrap.php(97): Zend_Controller_Front->dispatch()\n#2 C:\\Program Files\\PHP\\includes\\Zend\\Application.php(366): Zend_Application_Bootstrap_Bootstrap->run()\n#3 C:\\Program Files\\Apache Software Foundation\\Apache2.2\\htdocs\\square\\public\\index.php(26): Zend_Application->run()\n#4 {main}','<pre>array(3) {\n  [&quot;controller&quot;] =&gt; string(11) &quot;favicon.ico&quot;\n  [&quot;action&quot;] =&gt; string(5) &quot;index&quot;\n  [&quot;module&quot;] =&gt; string(7) &quot;default&quot;\n}\n</pre>'),(11,'Invalid controller specified (favicon.ico)','ERR','2010-12-26T13:36:35+08:00','#0 C:\\Program Files\\PHP\\includes\\Zend\\Controller\\Front.php(954): Zend_Controller_Dispatcher_Standard->dispatch(Object(Zend_Controller_Request_Http), Object(Zend_Controller_Response_Http))\n#1 C:\\Program Files\\PHP\\includes\\Zend\\Application\\Bootstrap\\Bootstrap.php(97): Zend_Controller_Front->dispatch()\n#2 C:\\Program Files\\PHP\\includes\\Zend\\Application.php(366): Zend_Application_Bootstrap_Bootstrap->run()\n#3 C:\\Program Files\\Apache Software Foundation\\Apache2.2\\htdocs\\square\\public\\index.php(26): Zend_Application->run()\n#4 {main}','<pre>array(3) {\n  [&quot;controller&quot;] =&gt; string(11) &quot;favicon.ico&quot;\n  [&quot;action&quot;] =&gt; string(5) &quot;index&quot;\n  [&quot;module&quot;] =&gt; string(7) &quot;default&quot;\n}\n</pre>'),(12,'Invalid controller specified (favicon.ico)','ERR','2010-12-26T14:17:40+08:00','#0 C:\\Program Files\\PHP\\includes\\Zend\\Controller\\Front.php(954): Zend_Controller_Dispatcher_Standard->dispatch(Object(Zend_Controller_Request_Http), Object(Zend_Controller_Response_Http))\n#1 C:\\Program Files\\PHP\\includes\\Zend\\Application\\Bootstrap\\Bootstrap.php(97): Zend_Controller_Front->dispatch()\n#2 C:\\Program Files\\PHP\\includes\\Zend\\Application.php(366): Zend_Application_Bootstrap_Bootstrap->run()\n#3 C:\\Program Files\\Apache Software Foundation\\Apache2.2\\htdocs\\square\\public\\index.php(26): Zend_Application->run()\n#4 {main}','<pre>array(3) {\n  [&quot;controller&quot;] =&gt; string(11) &quot;favicon.ico&quot;\n  [&quot;action&quot;] =&gt; string(5) &quot;index&quot;\n  [&quot;module&quot;] =&gt; string(7) &quot;default&quot;\n}\n</pre>'),(13,'Invalid controller specified (favicon.ico)','ERR','2010-12-26T14:17:45+08:00','#0 C:\\Program Files\\PHP\\includes\\Zend\\Controller\\Front.php(954): Zend_Controller_Dispatcher_Standard->dispatch(Object(Zend_Controller_Request_Http), Object(Zend_Controller_Response_Http))\n#1 C:\\Program Files\\PHP\\includes\\Zend\\Application\\Bootstrap\\Bootstrap.php(97): Zend_Controller_Front->dispatch()\n#2 C:\\Program Files\\PHP\\includes\\Zend\\Application.php(366): Zend_Application_Bootstrap_Bootstrap->run()\n#3 C:\\Program Files\\Apache Software Foundation\\Apache2.2\\htdocs\\square\\public\\index.php(26): Zend_Application->run()\n#4 {main}','<pre>array(3) {\n  [&quot;controller&quot;] =&gt; string(11) &quot;favicon.ico&quot;\n  [&quot;action&quot;] =&gt; string(5) &quot;index&quot;\n  [&quot;module&quot;] =&gt; string(7) &quot;default&quot;\n}\n</pre>'),(14,'Invalid controller specified (favicon.ico)','ERR','2010-12-26T14:18:26+08:00','#0 C:\\Program Files\\PHP\\includes\\Zend\\Controller\\Front.php(954): Zend_Controller_Dispatcher_Standard->dispatch(Object(Zend_Controller_Request_Http), Object(Zend_Controller_Response_Http))\n#1 C:\\Program Files\\PHP\\includes\\Zend\\Application\\Bootstrap\\Bootstrap.php(97): Zend_Controller_Front->dispatch()\n#2 C:\\Program Files\\PHP\\includes\\Zend\\Application.php(366): Zend_Application_Bootstrap_Bootstrap->run()\n#3 C:\\Program Files\\Apache Software Foundation\\Apache2.2\\htdocs\\square\\public\\index.php(26): Zend_Application->run()\n#4 {main}','<pre>array(3) {\n  [&quot;controller&quot;] =&gt; string(11) &quot;favicon.ico&quot;\n  [&quot;action&quot;] =&gt; string(5) &quot;index&quot;\n  [&quot;module&quot;] =&gt; string(7) &quot;default&quot;\n}\n</pre>'),(15,'Invalid controller specified (favicon.ico)','ERR','2010-12-26T14:20:51+08:00','#0 C:\\Program Files\\PHP\\includes\\Zend\\Controller\\Front.php(954): Zend_Controller_Dispatcher_Standard->dispatch(Object(Zend_Controller_Request_Http), Object(Zend_Controller_Response_Http))\n#1 C:\\Program Files\\PHP\\includes\\Zend\\Application\\Bootstrap\\Bootstrap.php(97): Zend_Controller_Front->dispatch()\n#2 C:\\Program Files\\PHP\\includes\\Zend\\Application.php(366): Zend_Application_Bootstrap_Bootstrap->run()\n#3 C:\\Program Files\\Apache Software Foundation\\Apache2.2\\htdocs\\square\\public\\index.php(26): Zend_Application->run()\n#4 {main}','<pre>array(3) {\n  [&quot;controller&quot;] =&gt; string(11) &quot;favicon.ico&quot;\n  [&quot;action&quot;] =&gt; string(5) &quot;index&quot;\n  [&quot;module&quot;] =&gt; string(7) &quot;default&quot;\n}\n</pre>'),(16,'Invalid controller specified (favicon.ico)','ERR','2010-12-26T14:22:32+08:00','#0 C:\\Program Files\\PHP\\includes\\Zend\\Controller\\Front.php(954): Zend_Controller_Dispatcher_Standard->dispatch(Object(Zend_Controller_Request_Http), Object(Zend_Controller_Response_Http))\n#1 C:\\Program Files\\PHP\\includes\\Zend\\Application\\Bootstrap\\Bootstrap.php(97): Zend_Controller_Front->dispatch()\n#2 C:\\Program Files\\PHP\\includes\\Zend\\Application.php(366): Zend_Application_Bootstrap_Bootstrap->run()\n#3 C:\\Program Files\\Apache Software Foundation\\Apache2.2\\htdocs\\square\\public\\index.php(26): Zend_Application->run()\n#4 {main}','<pre>array(3) {\n  [&quot;controller&quot;] =&gt; string(11) &quot;favicon.ico&quot;\n  [&quot;action&quot;] =&gt; string(5) &quot;index&quot;\n  [&quot;module&quot;] =&gt; string(7) &quot;default&quot;\n}\n</pre>'),(17,'Invalid controller specified (favicon.ico)','ERR','2010-12-26T14:23:05+08:00','#0 C:\\Program Files\\PHP\\includes\\Zend\\Controller\\Front.php(954): Zend_Controller_Dispatcher_Standard->dispatch(Object(Zend_Controller_Request_Http), Object(Zend_Controller_Response_Http))\n#1 C:\\Program Files\\PHP\\includes\\Zend\\Application\\Bootstrap\\Bootstrap.php(97): Zend_Controller_Front->dispatch()\n#2 C:\\Program Files\\PHP\\includes\\Zend\\Application.php(366): Zend_Application_Bootstrap_Bootstrap->run()\n#3 C:\\Program Files\\Apache Software Foundation\\Apache2.2\\htdocs\\square\\public\\index.php(26): Zend_Application->run()\n#4 {main}','<pre>array(3) {\n  [&quot;controller&quot;] =&gt; string(11) &quot;favicon.ico&quot;\n  [&quot;action&quot;] =&gt; string(5) &quot;index&quot;\n  [&quot;module&quot;] =&gt; string(7) &quot;default&quot;\n}\n</pre>'),(18,'Invalid controller specified (favicon.ico)','ERR','2010-12-26T14:23:33+08:00','#0 C:\\Program Files\\PHP\\includes\\Zend\\Controller\\Front.php(954): Zend_Controller_Dispatcher_Standard->dispatch(Object(Zend_Controller_Request_Http), Object(Zend_Controller_Response_Http))\n#1 C:\\Program Files\\PHP\\includes\\Zend\\Application\\Bootstrap\\Bootstrap.php(97): Zend_Controller_Front->dispatch()\n#2 C:\\Program Files\\PHP\\includes\\Zend\\Application.php(366): Zend_Application_Bootstrap_Bootstrap->run()\n#3 C:\\Program Files\\Apache Software Foundation\\Apache2.2\\htdocs\\square\\public\\index.php(26): Zend_Application->run()\n#4 {main}','<pre>array(3) {\n  [&quot;controller&quot;] =&gt; string(11) &quot;favicon.ico&quot;\n  [&quot;action&quot;] =&gt; string(5) &quot;index&quot;\n  [&quot;module&quot;] =&gt; string(7) &quot;default&quot;\n}\n</pre>'),(19,'Invalid controller specified (favicon.ico)','ERR','2010-12-26T14:23:41+08:00','#0 C:\\Program Files\\PHP\\includes\\Zend\\Controller\\Front.php(954): Zend_Controller_Dispatcher_Standard->dispatch(Object(Zend_Controller_Request_Http), Object(Zend_Controller_Response_Http))\n#1 C:\\Program Files\\PHP\\includes\\Zend\\Application\\Bootstrap\\Bootstrap.php(97): Zend_Controller_Front->dispatch()\n#2 C:\\Program Files\\PHP\\includes\\Zend\\Application.php(366): Zend_Application_Bootstrap_Bootstrap->run()\n#3 C:\\Program Files\\Apache Software Foundation\\Apache2.2\\htdocs\\square\\public\\index.php(26): Zend_Application->run()\n#4 {main}','<pre>array(3) {\n  [&quot;controller&quot;] =&gt; string(11) &quot;favicon.ico&quot;\n  [&quot;action&quot;] =&gt; string(5) &quot;index&quot;\n  [&quot;module&quot;] =&gt; string(7) &quot;default&quot;\n}\n</pre>'),(20,'Invalid controller specified (favicon.ico)','ERR','2010-12-26T14:33:41+08:00','#0 C:\\Program Files\\PHP\\includes\\Zend\\Controller\\Front.php(954): Zend_Controller_Dispatcher_Standard->dispatch(Object(Zend_Controller_Request_Http), Object(Zend_Controller_Response_Http))\n#1 C:\\Program Files\\PHP\\includes\\Zend\\Application\\Bootstrap\\Bootstrap.php(97): Zend_Controller_Front->dispatch()\n#2 C:\\Program Files\\PHP\\includes\\Zend\\Application.php(366): Zend_Application_Bootstrap_Bootstrap->run()\n#3 C:\\Program Files\\Apache Software Foundation\\Apache2.2\\htdocs\\square\\public\\index.php(26): Zend_Application->run()\n#4 {main}','<pre>array(3) {\n  [&quot;controller&quot;] =&gt; string(11) &quot;favicon.ico&quot;\n  [&quot;action&quot;] =&gt; string(5) &quot;index&quot;\n  [&quot;module&quot;] =&gt; string(7) &quot;default&quot;\n}\n</pre>'),(21,'Invalid controller specified (favicon.ico)','ERR','2010-12-26T14:33:50+08:00','#0 C:\\Program Files\\PHP\\includes\\Zend\\Controller\\Front.php(954): Zend_Controller_Dispatcher_Standard->dispatch(Object(Zend_Controller_Request_Http), Object(Zend_Controller_Response_Http))\n#1 C:\\Program Files\\PHP\\includes\\Zend\\Application\\Bootstrap\\Bootstrap.php(97): Zend_Controller_Front->dispatch()\n#2 C:\\Program Files\\PHP\\includes\\Zend\\Application.php(366): Zend_Application_Bootstrap_Bootstrap->run()\n#3 C:\\Program Files\\Apache Software Foundation\\Apache2.2\\htdocs\\square\\public\\index.php(26): Zend_Application->run()\n#4 {main}','<pre>array(3) {\n  [&quot;controller&quot;] =&gt; string(11) &quot;favicon.ico&quot;\n  [&quot;action&quot;] =&gt; string(5) &quot;index&quot;\n  [&quot;module&quot;] =&gt; string(7) &quot;default&quot;\n}\n</pre>'),(22,'Invalid controller specified (favicon.ico)','ERR','2010-12-26T14:33:52+08:00','#0 C:\\Program Files\\PHP\\includes\\Zend\\Controller\\Front.php(954): Zend_Controller_Dispatcher_Standard->dispatch(Object(Zend_Controller_Request_Http), Object(Zend_Controller_Response_Http))\n#1 C:\\Program Files\\PHP\\includes\\Zend\\Application\\Bootstrap\\Bootstrap.php(97): Zend_Controller_Front->dispatch()\n#2 C:\\Program Files\\PHP\\includes\\Zend\\Application.php(366): Zend_Application_Bootstrap_Bootstrap->run()\n#3 C:\\Program Files\\Apache Software Foundation\\Apache2.2\\htdocs\\square\\public\\index.php(26): Zend_Application->run()\n#4 {main}','<pre>array(3) {\n  [&quot;controller&quot;] =&gt; string(11) &quot;favicon.ico&quot;\n  [&quot;action&quot;] =&gt; string(5) &quot;index&quot;\n  [&quot;module&quot;] =&gt; string(7) &quot;default&quot;\n}\n</pre>'),(23,'Invalid controller specified (favicon.ico)','ERR','2010-12-26T14:34:00+08:00','#0 C:\\Program Files\\PHP\\includes\\Zend\\Controller\\Front.php(954): Zend_Controller_Dispatcher_Standard->dispatch(Object(Zend_Controller_Request_Http), Object(Zend_Controller_Response_Http))\n#1 C:\\Program Files\\PHP\\includes\\Zend\\Application\\Bootstrap\\Bootstrap.php(97): Zend_Controller_Front->dispatch()\n#2 C:\\Program Files\\PHP\\includes\\Zend\\Application.php(366): Zend_Application_Bootstrap_Bootstrap->run()\n#3 C:\\Program Files\\Apache Software Foundation\\Apache2.2\\htdocs\\square\\public\\index.php(26): Zend_Application->run()\n#4 {main}','<pre>array(3) {\n  [&quot;controller&quot;] =&gt; string(11) &quot;favicon.ico&quot;\n  [&quot;action&quot;] =&gt; string(5) &quot;index&quot;\n  [&quot;module&quot;] =&gt; string(7) &quot;default&quot;\n}\n</pre>'),(24,'Invalid controller specified (favicon.ico)','ERR','2010-12-26T14:34:02+08:00','#0 C:\\Program Files\\PHP\\includes\\Zend\\Controller\\Front.php(954): Zend_Controller_Dispatcher_Standard->dispatch(Object(Zend_Controller_Request_Http), Object(Zend_Controller_Response_Http))\n#1 C:\\Program Files\\PHP\\includes\\Zend\\Application\\Bootstrap\\Bootstrap.php(97): Zend_Controller_Front->dispatch()\n#2 C:\\Program Files\\PHP\\includes\\Zend\\Application.php(366): Zend_Application_Bootstrap_Bootstrap->run()\n#3 C:\\Program Files\\Apache Software Foundation\\Apache2.2\\htdocs\\square\\public\\index.php(26): Zend_Application->run()\n#4 {main}','<pre>array(3) {\n  [&quot;controller&quot;] =&gt; string(11) &quot;favicon.ico&quot;\n  [&quot;action&quot;] =&gt; string(5) &quot;index&quot;\n  [&quot;module&quot;] =&gt; string(7) &quot;default&quot;\n}\n</pre>'),(25,'Invalid controller specified (favicon.ico)','ERR','2010-12-26T14:34:11+08:00','#0 C:\\Program Files\\PHP\\includes\\Zend\\Controller\\Front.php(954): Zend_Controller_Dispatcher_Standard->dispatch(Object(Zend_Controller_Request_Http), Object(Zend_Controller_Response_Http))\n#1 C:\\Program Files\\PHP\\includes\\Zend\\Application\\Bootstrap\\Bootstrap.php(97): Zend_Controller_Front->dispatch()\n#2 C:\\Program Files\\PHP\\includes\\Zend\\Application.php(366): Zend_Application_Bootstrap_Bootstrap->run()\n#3 C:\\Program Files\\Apache Software Foundation\\Apache2.2\\htdocs\\square\\public\\index.php(26): Zend_Application->run()\n#4 {main}','<pre>array(3) {\n  [&quot;controller&quot;] =&gt; string(11) &quot;favicon.ico&quot;\n  [&quot;action&quot;] =&gt; string(5) &quot;index&quot;\n  [&quot;module&quot;] =&gt; string(7) &quot;default&quot;\n}\n</pre>'),(26,'Invalid controller specified (favicon.ico)','ERR','2010-12-26T14:34:12+08:00','#0 C:\\Program Files\\PHP\\includes\\Zend\\Controller\\Front.php(954): Zend_Controller_Dispatcher_Standard->dispatch(Object(Zend_Controller_Request_Http), Object(Zend_Controller_Response_Http))\n#1 C:\\Program Files\\PHP\\includes\\Zend\\Application\\Bootstrap\\Bootstrap.php(97): Zend_Controller_Front->dispatch()\n#2 C:\\Program Files\\PHP\\includes\\Zend\\Application.php(366): Zend_Application_Bootstrap_Bootstrap->run()\n#3 C:\\Program Files\\Apache Software Foundation\\Apache2.2\\htdocs\\square\\public\\index.php(26): Zend_Application->run()\n#4 {main}','<pre>array(3) {\n  [&quot;controller&quot;] =&gt; string(11) &quot;favicon.ico&quot;\n  [&quot;action&quot;] =&gt; string(5) &quot;index&quot;\n  [&quot;module&quot;] =&gt; string(7) &quot;default&quot;\n}\n</pre>'),(27,'Invalid controller specified (favicon.ico)','ERR','2010-12-26T14:34:21+08:00','#0 C:\\Program Files\\PHP\\includes\\Zend\\Controller\\Front.php(954): Zend_Controller_Dispatcher_Standard->dispatch(Object(Zend_Controller_Request_Http), Object(Zend_Controller_Response_Http))\n#1 C:\\Program Files\\PHP\\includes\\Zend\\Application\\Bootstrap\\Bootstrap.php(97): Zend_Controller_Front->dispatch()\n#2 C:\\Program Files\\PHP\\includes\\Zend\\Application.php(366): Zend_Application_Bootstrap_Bootstrap->run()\n#3 C:\\Program Files\\Apache Software Foundation\\Apache2.2\\htdocs\\square\\public\\index.php(26): Zend_Application->run()\n#4 {main}','<pre>array(3) {\n  [&quot;controller&quot;] =&gt; string(11) &quot;favicon.ico&quot;\n  [&quot;action&quot;] =&gt; string(5) &quot;index&quot;\n  [&quot;module&quot;] =&gt; string(7) &quot;default&quot;\n}\n</pre>'),(28,'Invalid controller specified (favicon.ico)','ERR','2010-12-26T14:38:06+08:00','#0 C:\\Program Files\\PHP\\includes\\Zend\\Controller\\Front.php(954): Zend_Controller_Dispatcher_Standard->dispatch(Object(Zend_Controller_Request_Http), Object(Zend_Controller_Response_Http))\n#1 C:\\Program Files\\PHP\\includes\\Zend\\Application\\Bootstrap\\Bootstrap.php(97): Zend_Controller_Front->dispatch()\n#2 C:\\Program Files\\PHP\\includes\\Zend\\Application.php(366): Zend_Application_Bootstrap_Bootstrap->run()\n#3 C:\\Program Files\\Apache Software Foundation\\Apache2.2\\htdocs\\square\\public\\index.php(26): Zend_Application->run()\n#4 {main}','<pre>array(3) {\n  [&quot;controller&quot;] =&gt; string(11) &quot;favicon.ico&quot;\n  [&quot;action&quot;] =&gt; string(5) &quot;index&quot;\n  [&quot;module&quot;] =&gt; string(7) &quot;default&quot;\n}\n</pre>'),(29,'Invalid controller specified (favicon.ico)','ERR','2010-12-26T14:48:40+08:00','#0 C:\\Program Files\\PHP\\includes\\Zend\\Controller\\Front.php(954): Zend_Controller_Dispatcher_Standard->dispatch(Object(Zend_Controller_Request_Http), Object(Zend_Controller_Response_Http))\n#1 C:\\Program Files\\PHP\\includes\\Zend\\Application\\Bootstrap\\Bootstrap.php(97): Zend_Controller_Front->dispatch()\n#2 C:\\Program Files\\PHP\\includes\\Zend\\Application.php(366): Zend_Application_Bootstrap_Bootstrap->run()\n#3 C:\\Program Files\\Apache Software Foundation\\Apache2.2\\htdocs\\square\\public\\index.php(26): Zend_Application->run()\n#4 {main}','<pre>array(3) {\n  [&quot;controller&quot;] =&gt; string(11) &quot;favicon.ico&quot;\n  [&quot;action&quot;] =&gt; string(5) &quot;index&quot;\n  [&quot;module&quot;] =&gt; string(7) &quot;default&quot;\n}\n</pre>'),(30,'Invalid controller specified (favicon.ico)','ERR','2010-12-26T23:32:10+08:00','#0 C:\\Program Files\\PHP\\includes\\Zend\\Controller\\Front.php(954): Zend_Controller_Dispatcher_Standard->dispatch(Object(Zend_Controller_Request_Http), Object(Zend_Controller_Response_Http))\n#1 C:\\Program Files\\PHP\\includes\\Zend\\Application\\Bootstrap\\Bootstrap.php(97): Zend_Controller_Front->dispatch()\n#2 C:\\Program Files\\PHP\\includes\\Zend\\Application.php(366): Zend_Application_Bootstrap_Bootstrap->run()\n#3 C:\\Program Files\\Apache Software Foundation\\Apache2.2\\htdocs\\square\\public\\index.php(26): Zend_Application->run()\n#4 {main}','<pre>array(3) {\n  [&quot;controller&quot;] =&gt; string(11) &quot;favicon.ico&quot;\n  [&quot;action&quot;] =&gt; string(5) &quot;index&quot;\n  [&quot;module&quot;] =&gt; string(7) &quot;default&quot;\n}\n</pre>'),(31,'Invalid controller specified (favicon.ico)','ERR','2010-12-26T23:32:21+08:00','#0 C:\\Program Files\\PHP\\includes\\Zend\\Controller\\Front.php(954): Zend_Controller_Dispatcher_Standard->dispatch(Object(Zend_Controller_Request_Http), Object(Zend_Controller_Response_Http))\n#1 C:\\Program Files\\PHP\\includes\\Zend\\Application\\Bootstrap\\Bootstrap.php(97): Zend_Controller_Front->dispatch()\n#2 C:\\Program Files\\PHP\\includes\\Zend\\Application.php(366): Zend_Application_Bootstrap_Bootstrap->run()\n#3 C:\\Program Files\\Apache Software Foundation\\Apache2.2\\htdocs\\square\\public\\index.php(26): Zend_Application->run()\n#4 {main}','<pre>array(3) {\n  [&quot;controller&quot;] =&gt; string(11) &quot;favicon.ico&quot;\n  [&quot;action&quot;] =&gt; string(5) &quot;index&quot;\n  [&quot;module&quot;] =&gt; string(7) &quot;default&quot;\n}\n</pre>'),(32,'Invalid controller specified (favicon.ico)','ERR','2010-12-26T23:32:26+08:00','#0 C:\\Program Files\\PHP\\includes\\Zend\\Controller\\Front.php(954): Zend_Controller_Dispatcher_Standard->dispatch(Object(Zend_Controller_Request_Http), Object(Zend_Controller_Response_Http))\n#1 C:\\Program Files\\PHP\\includes\\Zend\\Application\\Bootstrap\\Bootstrap.php(97): Zend_Controller_Front->dispatch()\n#2 C:\\Program Files\\PHP\\includes\\Zend\\Application.php(366): Zend_Application_Bootstrap_Bootstrap->run()\n#3 C:\\Program Files\\Apache Software Foundation\\Apache2.2\\htdocs\\square\\public\\index.php(26): Zend_Application->run()\n#4 {main}','<pre>array(3) {\n  [&quot;controller&quot;] =&gt; string(11) &quot;favicon.ico&quot;\n  [&quot;action&quot;] =&gt; string(5) &quot;index&quot;\n  [&quot;module&quot;] =&gt; string(7) &quot;default&quot;\n}\n</pre>'),(33,'Invalid controller specified (favicon.ico)','ERR','2010-12-26T23:32:34+08:00','#0 C:\\Program Files\\PHP\\includes\\Zend\\Controller\\Front.php(954): Zend_Controller_Dispatcher_Standard->dispatch(Object(Zend_Controller_Request_Http), Object(Zend_Controller_Response_Http))\n#1 C:\\Program Files\\PHP\\includes\\Zend\\Application\\Bootstrap\\Bootstrap.php(97): Zend_Controller_Front->dispatch()\n#2 C:\\Program Files\\PHP\\includes\\Zend\\Application.php(366): Zend_Application_Bootstrap_Bootstrap->run()\n#3 C:\\Program Files\\Apache Software Foundation\\Apache2.2\\htdocs\\square\\public\\index.php(26): Zend_Application->run()\n#4 {main}','<pre>array(3) {\n  [&quot;controller&quot;] =&gt; string(11) &quot;favicon.ico&quot;\n  [&quot;action&quot;] =&gt; string(5) &quot;index&quot;\n  [&quot;module&quot;] =&gt; string(7) &quot;default&quot;\n}\n</pre>'),(34,'Invalid controller specified (favicon.ico)','ERR','2010-12-26T23:33:14+08:00','#0 C:\\Program Files\\PHP\\includes\\Zend\\Controller\\Front.php(954): Zend_Controller_Dispatcher_Standard->dispatch(Object(Zend_Controller_Request_Http), Object(Zend_Controller_Response_Http))\n#1 C:\\Program Files\\PHP\\includes\\Zend\\Application\\Bootstrap\\Bootstrap.php(97): Zend_Controller_Front->dispatch()\n#2 C:\\Program Files\\PHP\\includes\\Zend\\Application.php(366): Zend_Application_Bootstrap_Bootstrap->run()\n#3 C:\\Program Files\\Apache Software Foundation\\Apache2.2\\htdocs\\square\\public\\index.php(26): Zend_Application->run()\n#4 {main}','<pre>array(3) {\n  [&quot;controller&quot;] =&gt; string(11) &quot;favicon.ico&quot;\n  [&quot;action&quot;] =&gt; string(5) &quot;index&quot;\n  [&quot;module&quot;] =&gt; string(7) &quot;default&quot;\n}\n</pre>'),(35,'Invalid controller specified (favicon.ico)','ERR','2010-12-26T23:37:17+08:00','#0 C:\\Program Files\\PHP\\includes\\Zend\\Controller\\Front.php(954): Zend_Controller_Dispatcher_Standard->dispatch(Object(Zend_Controller_Request_Http), Object(Zend_Controller_Response_Http))\n#1 C:\\Program Files\\PHP\\includes\\Zend\\Application\\Bootstrap\\Bootstrap.php(97): Zend_Controller_Front->dispatch()\n#2 C:\\Program Files\\PHP\\includes\\Zend\\Application.php(366): Zend_Application_Bootstrap_Bootstrap->run()\n#3 C:\\Program Files\\Apache Software Foundation\\Apache2.2\\htdocs\\square\\public\\index.php(26): Zend_Application->run()\n#4 {main}','<pre>array(3) {\n  [&quot;controller&quot;] =&gt; string(11) &quot;favicon.ico&quot;\n  [&quot;action&quot;] =&gt; string(5) &quot;index&quot;\n  [&quot;module&quot;] =&gt; string(7) &quot;default&quot;\n}\n</pre>'),(36,'Invalid controller specified (favicon.ico)','ERR','2010-12-26T23:37:45+08:00','#0 C:\\Program Files\\PHP\\includes\\Zend\\Controller\\Front.php(954): Zend_Controller_Dispatcher_Standard->dispatch(Object(Zend_Controller_Request_Http), Object(Zend_Controller_Response_Http))\n#1 C:\\Program Files\\PHP\\includes\\Zend\\Application\\Bootstrap\\Bootstrap.php(97): Zend_Controller_Front->dispatch()\n#2 C:\\Program Files\\PHP\\includes\\Zend\\Application.php(366): Zend_Application_Bootstrap_Bootstrap->run()\n#3 C:\\Program Files\\Apache Software Foundation\\Apache2.2\\htdocs\\square\\public\\index.php(26): Zend_Application->run()\n#4 {main}','<pre>array(3) {\n  [&quot;controller&quot;] =&gt; string(11) &quot;favicon.ico&quot;\n  [&quot;action&quot;] =&gt; string(5) &quot;index&quot;\n  [&quot;module&quot;] =&gt; string(7) &quot;default&quot;\n}\n</pre>'),(37,'Invalid controller specified (favicon.ico)','ERR','2010-12-26T23:38:10+08:00','#0 C:\\Program Files\\PHP\\includes\\Zend\\Controller\\Front.php(954): Zend_Controller_Dispatcher_Standard->dispatch(Object(Zend_Controller_Request_Http), Object(Zend_Controller_Response_Http))\n#1 C:\\Program Files\\PHP\\includes\\Zend\\Application\\Bootstrap\\Bootstrap.php(97): Zend_Controller_Front->dispatch()\n#2 C:\\Program Files\\PHP\\includes\\Zend\\Application.php(366): Zend_Application_Bootstrap_Bootstrap->run()\n#3 C:\\Program Files\\Apache Software Foundation\\Apache2.2\\htdocs\\square\\public\\index.php(26): Zend_Application->run()\n#4 {main}','<pre>array(3) {\n  [&quot;controller&quot;] =&gt; string(11) &quot;favicon.ico&quot;\n  [&quot;action&quot;] =&gt; string(5) &quot;index&quot;\n  [&quot;module&quot;] =&gt; string(7) &quot;default&quot;\n}\n</pre>'),(38,'Invalid controller specified (favicon.ico)','ERR','2010-12-26T23:39:33+08:00','#0 C:\\Program Files\\PHP\\includes\\Zend\\Controller\\Front.php(954): Zend_Controller_Dispatcher_Standard->dispatch(Object(Zend_Controller_Request_Http), Object(Zend_Controller_Response_Http))\n#1 C:\\Program Files\\PHP\\includes\\Zend\\Application\\Bootstrap\\Bootstrap.php(97): Zend_Controller_Front->dispatch()\n#2 C:\\Program Files\\PHP\\includes\\Zend\\Application.php(366): Zend_Application_Bootstrap_Bootstrap->run()\n#3 C:\\Program Files\\Apache Software Foundation\\Apache2.2\\htdocs\\square\\public\\index.php(26): Zend_Application->run()\n#4 {main}','<pre>array(3) {\n  [&quot;controller&quot;] =&gt; string(11) &quot;favicon.ico&quot;\n  [&quot;action&quot;] =&gt; string(5) &quot;index&quot;\n  [&quot;module&quot;] =&gt; string(7) &quot;default&quot;\n}\n</pre>'),(39,'Invalid controller specified (favicon.ico)','ERR','2010-12-26T23:40:47+08:00','#0 C:\\Program Files\\PHP\\includes\\Zend\\Controller\\Front.php(954): Zend_Controller_Dispatcher_Standard->dispatch(Object(Zend_Controller_Request_Http), Object(Zend_Controller_Response_Http))\n#1 C:\\Program Files\\PHP\\includes\\Zend\\Application\\Bootstrap\\Bootstrap.php(97): Zend_Controller_Front->dispatch()\n#2 C:\\Program Files\\PHP\\includes\\Zend\\Application.php(366): Zend_Application_Bootstrap_Bootstrap->run()\n#3 C:\\Program Files\\Apache Software Foundation\\Apache2.2\\htdocs\\square\\public\\index.php(26): Zend_Application->run()\n#4 {main}','<pre>array(3) {\n  [&quot;controller&quot;] =&gt; string(11) &quot;favicon.ico&quot;\n  [&quot;action&quot;] =&gt; string(5) &quot;index&quot;\n  [&quot;module&quot;] =&gt; string(7) &quot;default&quot;\n}\n</pre>'),(40,'Invalid controller specified (favicon.ico)','ERR','2010-12-26T23:41:57+08:00','#0 C:\\Program Files\\PHP\\includes\\Zend\\Controller\\Front.php(954): Zend_Controller_Dispatcher_Standard->dispatch(Object(Zend_Controller_Request_Http), Object(Zend_Controller_Response_Http))\n#1 C:\\Program Files\\PHP\\includes\\Zend\\Application\\Bootstrap\\Bootstrap.php(97): Zend_Controller_Front->dispatch()\n#2 C:\\Program Files\\PHP\\includes\\Zend\\Application.php(366): Zend_Application_Bootstrap_Bootstrap->run()\n#3 C:\\Program Files\\Apache Software Foundation\\Apache2.2\\htdocs\\square\\public\\index.php(26): Zend_Application->run()\n#4 {main}','<pre>array(3) {\n  [&quot;controller&quot;] =&gt; string(11) &quot;favicon.ico&quot;\n  [&quot;action&quot;] =&gt; string(5) &quot;index&quot;\n  [&quot;module&quot;] =&gt; string(7) &quot;default&quot;\n}\n</pre>'),(41,'Invalid controller specified (favicon.ico)','ERR','2010-12-26T23:43:58+08:00','#0 C:\\Program Files\\PHP\\includes\\Zend\\Controller\\Front.php(954): Zend_Controller_Dispatcher_Standard->dispatch(Object(Zend_Controller_Request_Http), Object(Zend_Controller_Response_Http))\n#1 C:\\Program Files\\PHP\\includes\\Zend\\Application\\Bootstrap\\Bootstrap.php(97): Zend_Controller_Front->dispatch()\n#2 C:\\Program Files\\PHP\\includes\\Zend\\Application.php(366): Zend_Application_Bootstrap_Bootstrap->run()\n#3 C:\\Program Files\\Apache Software Foundation\\Apache2.2\\htdocs\\square\\public\\index.php(26): Zend_Application->run()\n#4 {main}','<pre>array(3) {\n  [&quot;controller&quot;] =&gt; string(11) &quot;favicon.ico&quot;\n  [&quot;action&quot;] =&gt; string(5) &quot;index&quot;\n  [&quot;module&quot;] =&gt; string(7) &quot;default&quot;\n}\n</pre>'),(42,'Invalid controller specified (favicon.ico)','ERR','2010-12-26T23:44:01+08:00','#0 C:\\Program Files\\PHP\\includes\\Zend\\Controller\\Front.php(954): Zend_Controller_Dispatcher_Standard->dispatch(Object(Zend_Controller_Request_Http), Object(Zend_Controller_Response_Http))\n#1 C:\\Program Files\\PHP\\includes\\Zend\\Application\\Bootstrap\\Bootstrap.php(97): Zend_Controller_Front->dispatch()\n#2 C:\\Program Files\\PHP\\includes\\Zend\\Application.php(366): Zend_Application_Bootstrap_Bootstrap->run()\n#3 C:\\Program Files\\Apache Software Foundation\\Apache2.2\\htdocs\\square\\public\\index.php(26): Zend_Application->run()\n#4 {main}','<pre>array(3) {\n  [&quot;controller&quot;] =&gt; string(11) &quot;favicon.ico&quot;\n  [&quot;action&quot;] =&gt; string(5) &quot;index&quot;\n  [&quot;module&quot;] =&gt; string(7) &quot;default&quot;\n}\n</pre>'),(43,'Invalid controller specified (favicon.ico)','ERR','2010-12-26T23:44:08+08:00','#0 C:\\Program Files\\PHP\\includes\\Zend\\Controller\\Front.php(954): Zend_Controller_Dispatcher_Standard->dispatch(Object(Zend_Controller_Request_Http), Object(Zend_Controller_Response_Http))\n#1 C:\\Program Files\\PHP\\includes\\Zend\\Application\\Bootstrap\\Bootstrap.php(97): Zend_Controller_Front->dispatch()\n#2 C:\\Program Files\\PHP\\includes\\Zend\\Application.php(366): Zend_Application_Bootstrap_Bootstrap->run()\n#3 C:\\Program Files\\Apache Software Foundation\\Apache2.2\\htdocs\\square\\public\\index.php(26): Zend_Application->run()\n#4 {main}','<pre>array(3) {\n  [&quot;controller&quot;] =&gt; string(11) &quot;favicon.ico&quot;\n  [&quot;action&quot;] =&gt; string(5) &quot;index&quot;\n  [&quot;module&quot;] =&gt; string(7) &quot;default&quot;\n}\n</pre>'),(44,'Invalid controller specified (favicon.ico)','ERR','2010-12-26T23:44:15+08:00','#0 C:\\Program Files\\PHP\\includes\\Zend\\Controller\\Front.php(954): Zend_Controller_Dispatcher_Standard->dispatch(Object(Zend_Controller_Request_Http), Object(Zend_Controller_Response_Http))\n#1 C:\\Program Files\\PHP\\includes\\Zend\\Application\\Bootstrap\\Bootstrap.php(97): Zend_Controller_Front->dispatch()\n#2 C:\\Program Files\\PHP\\includes\\Zend\\Application.php(366): Zend_Application_Bootstrap_Bootstrap->run()\n#3 C:\\Program Files\\Apache Software Foundation\\Apache2.2\\htdocs\\square\\public\\index.php(26): Zend_Application->run()\n#4 {main}','<pre>array(3) {\n  [&quot;controller&quot;] =&gt; string(11) &quot;favicon.ico&quot;\n  [&quot;action&quot;] =&gt; string(5) &quot;index&quot;\n  [&quot;module&quot;] =&gt; string(7) &quot;default&quot;\n}\n</pre>'),(45,'Invalid controller specified (favicon.ico)','ERR','2010-12-27T00:50:32+08:00','#0 C:\\Program Files\\PHP\\includes\\Zend\\Controller\\Front.php(954): Zend_Controller_Dispatcher_Standard->dispatch(Object(Zend_Controller_Request_Http), Object(Zend_Controller_Response_Http))\n#1 C:\\Program Files\\PHP\\includes\\Zend\\Application\\Bootstrap\\Bootstrap.php(97): Zend_Controller_Front->dispatch()\n#2 C:\\Program Files\\PHP\\includes\\Zend\\Application.php(366): Zend_Application_Bootstrap_Bootstrap->run()\n#3 C:\\Program Files\\Apache Software Foundation\\Apache2.2\\htdocs\\square\\public\\index.php(26): Zend_Application->run()\n#4 {main}','<pre>array(3) {\n  [&quot;controller&quot;] =&gt; string(11) &quot;favicon.ico&quot;\n  [&quot;action&quot;] =&gt; string(5) &quot;index&quot;\n  [&quot;module&quot;] =&gt; string(7) &quot;default&quot;\n}\n</pre>'),(46,'Invalid controller specified (favicon.ico)','ERR','2010-12-27T00:51:36+08:00','#0 C:\\Program Files\\PHP\\includes\\Zend\\Controller\\Front.php(954): Zend_Controller_Dispatcher_Standard->dispatch(Object(Zend_Controller_Request_Http), Object(Zend_Controller_Response_Http))\n#1 C:\\Program Files\\PHP\\includes\\Zend\\Application\\Bootstrap\\Bootstrap.php(97): Zend_Controller_Front->dispatch()\n#2 C:\\Program Files\\PHP\\includes\\Zend\\Application.php(366): Zend_Application_Bootstrap_Bootstrap->run()\n#3 C:\\Program Files\\Apache Software Foundation\\Apache2.2\\htdocs\\square\\public\\index.php(26): Zend_Application->run()\n#4 {main}','<pre>array(3) {\n  [&quot;controller&quot;] =&gt; string(11) &quot;favicon.ico&quot;\n  [&quot;action&quot;] =&gt; string(5) &quot;index&quot;\n  [&quot;module&quot;] =&gt; string(7) &quot;default&quot;\n}\n</pre>');
/*!40000 ALTER TABLE `log` ENABLE KEYS */;
UNLOCK TABLES;

--
-- Table structure for table `type`
--

DROP TABLE IF EXISTS `type`;
/*!40101 SET @saved_cs_client     = @@character_set_client */;
/*!40101 SET character_set_client = utf8 */;
CREATE TABLE `type` (
  `TypeID` int(11) NOT NULL AUTO_INCREMENT,
  `TypeName` varchar(255) NOT NULL,
  PRIMARY KEY (`TypeID`)
) ENGINE=InnoDB AUTO_INCREMENT=6 DEFAULT CHARSET=utf8;
/*!40101 SET character_set_client = @saved_cs_client */;

--
-- Dumping data for table `type`
--

LOCK TABLES `type` WRITE;
/*!40000 ALTER TABLE `type` DISABLE KEYS */;
INSERT INTO `type` VALUES (1,'Commerative'),(2,'Decorative'),(3,'Definitive'),(4,'Special'),(5,'Other');
/*!40000 ALTER TABLE `type` ENABLE KEYS */;
UNLOCK TABLES;

--
-- Table structure for table `user`
--

DROP TABLE IF EXISTS `user`;
/*!40101 SET @saved_cs_client     = @@character_set_client */;
/*!40101 SET character_set_client = utf8 */;
CREATE TABLE `user` (
  `RecordID` int(4) NOT NULL AUTO_INCREMENT,
  `Username` varchar(10) NOT NULL,
  `Password` text,
  PRIMARY KEY (`RecordID`)
) ENGINE=InnoDB AUTO_INCREMENT=2 DEFAULT CHARSET=utf8;
/*!40101 SET character_set_client = @saved_cs_client */;

--
-- Dumping data for table `user`
--

LOCK TABLES `user` WRITE;
/*!40000 ALTER TABLE `user` DISABLE KEYS */;
INSERT INTO `user` VALUES (1,'FPS','123456');
/*!40000 ALTER TABLE `user` ENABLE KEYS */;
UNLOCK TABLES;
/*!40103 SET TIME_ZONE=@OLD_TIME_ZONE */;

/*!40101 SET SQL_MODE=@OLD_SQL_MODE */;
/*!40014 SET FOREIGN_KEY_CHECKS=@OLD_FOREIGN_KEY_CHECKS */;
/*!40014 SET UNIQUE_CHECKS=@OLD_UNIQUE_CHECKS */;
/*!40101 SET CHARACTER_SET_CLIENT=@OLD_CHARACTER_SET_CLIENT */;
/*!40101 SET CHARACTER_SET_RESULTS=@OLD_CHARACTER_SET_RESULTS */;
/*!40101 SET COLLATION_CONNECTION=@OLD_COLLATION_CONNECTION */;
/*!40111 SET SQL_NOTES=@OLD_SQL_NOTES */;

-- Dump completed on 2010-12-27  1:05:33
